{
  "metadata": {
    "generated_at": "2025-12-16T00:05:17.673551",
    "papers_evaluated": 15,
    "experiments": [
      "round1_md_direct",
      "round1_md_multistage",
      "round2_pdf_direct",
      "round2_pdf_multistage"
    ],
    "tolerance_settings": {
      "percentage": 0.01,
      "rate_constant": 0.1,
      "default_numeric": 0.05
    }
  },
  "experiment_summaries": {
    "round1_md_direct": {
      "input_format": "MD",
      "strategy": "Direct",
      "models": {
        "claude": {
          "total_papers": 15,
          "successful_papers": 15,
          "success_rate": 1.0,
          "avg_time_seconds": 64.28,
          "total_cost_usd": 14.866,
          "avg_precision": 0.6471662519383956,
          "avg_recall": 0.42313434490529844,
          "avg_f1": 0.5083655556073131,
          "avg_completeness": 0.6304533285085923,
          "avg_core_f1": 0.8977791275645112,
          "avg_core_precision": 0.9328297687565422,
          "avg_core_recall": 0.8661920446703056,
          "avg_optional_f1": 0.37629256639971403,
          "avg_optional_precision": 0.6452380952380953,
          "avg_optional_recall": 0.2776896300580511,
          "total_hallucinations": 6,
          "total_missing": 713
        },
        "sonnet": {
          "total_papers": 15,
          "successful_papers": 15,
          "success_rate": 1.0,
          "avg_time_seconds": 53.14333333333333,
          "total_cost_usd": 2.8478,
          "avg_precision": 0.6558994172136122,
          "avg_recall": 0.4588300496095616,
          "avg_f1": 0.5366781570450438,
          "avg_completeness": 0.6421374015496238,
          "avg_core_f1": 0.9099400927446571,
          "avg_core_precision": 0.9239274999091933,
          "avg_core_recall": 0.8973976410063366,
          "avg_optional_f1": 0.40326167560223286,
          "avg_optional_precision": 0.6958730158730159,
          "avg_optional_recall": 0.2986754278859542,
          "total_hallucinations": 10,
          "total_missing": 690
        },
        "gpt4o": {
          "total_papers": 15,
          "successful_papers": 15,
          "success_rate": 1.0,
          "avg_time_seconds": 10.950666666666667,
          "total_cost_usd": 1.9572,
          "avg_precision": 0.5604375504441316,
          "avg_recall": 0.371721787994638,
          "avg_f1": 0.4442856026369965,
          "avg_completeness": 0.6416507835447577,
          "avg_core_f1": 0.897461565157348,
          "avg_core_precision": 0.9221612463305827,
          "avg_core_recall": 0.8754066127109605,
          "avg_optional_f1": 0.33455553342227184,
          "avg_optional_precision": 0.5923809523809525,
          "avg_optional_recall": 0.244104973973395,
          "total_hallucinations": 13,
          "total_missing": 691
        },
        "gemini": {
          "total_papers": 15,
          "successful_papers": 15,
          "success_rate": 1.0,
          "avg_time_seconds": 73.53133333333334,
          "total_cost_usd": 1.2132,
          "avg_precision": 0.6108912393257075,
          "avg_recall": 0.419182028493843,
          "avg_f1": 0.4937587343482805,
          "avg_completeness": 0.6342599929788267,
          "avg_core_f1": 0.9051130543571856,
          "avg_core_precision": 0.9242942908434899,
          "avg_core_recall": 0.8881657569483656,
          "avg_optional_f1": 0.3306648105936032,
          "avg_optional_precision": 0.5668253968253969,
          "avg_optional_recall": 0.24331132317974422,
          "total_hallucinations": 4,
          "total_missing": 706
        },
        "qwen": {
          "total_papers": 15,
          "successful_papers": 15,
          "success_rate": 1.0,
          "avg_time_seconds": 29.154666666666667,
          "total_cost_usd": 0.0669,
          "avg_precision": 0.6570014434559528,
          "avg_recall": 0.4460699898816468,
          "avg_f1": 0.528429713385487,
          "avg_completeness": 0.6309399465134585,
          "avg_core_f1": 0.8915059139948737,
          "avg_core_precision": 0.9231203359738829,
          "avg_core_recall": 0.8633300081560952,
          "avg_optional_f1": 0.38651519401364604,
          "avg_optional_precision": 0.6680952380952381,
          "avg_optional_recall": 0.28470717391770023,
          "total_hallucinations": 9,
          "total_missing": 712
        },
        "deepseek": {
          "total_papers": 15,
          "successful_papers": 15,
          "success_rate": 1.0,
          "avg_time_seconds": 190.98399999999998,
          "total_cost_usd": 0.7263,
          "avg_precision": 0.6028717742111968,
          "avg_recall": 0.3912999714987313,
          "avg_f1": 0.4709761373887831,
          "avg_completeness": 0.6221270153278399,
          "avg_core_f1": 0.8676639979007689,
          "avg_core_precision": 0.9318471684261157,
          "avg_core_recall": 0.8140554614467658,
          "avg_optional_f1": 0.3326832851817372,
          "avg_optional_precision": 0.5696825396825397,
          "avg_optional_recall": 0.24647617976565345,
          "total_hallucinations": 4,
          "total_missing": 729
        }
      }
    },
    "round1_md_multistage": {
      "input_format": "MD",
      "strategy": "Multi-Stage",
      "models": {
        "claude": {
          "total_papers": 15,
          "successful_papers": 15,
          "success_rate": 1.0,
          "avg_time_seconds": 248.77866666666665,
          "total_cost_usd": 25.244,
          "avg_precision": 0.6304129924100141,
          "avg_recall": 0.4249589388832615,
          "avg_f1": 0.5050878724125568,
          "avg_completeness": 0.6359907377516741,
          "avg_core_f1": 0.8845666130462481,
          "avg_core_precision": 0.9204176625137723,
          "avg_core_recall": 0.8538028734550474,
          "avg_optional_f1": 0.35839516589361786,
          "avg_optional_precision": 0.6101587301587301,
          "avg_optional_recall": 0.2632940256624467,
          "total_hallucinations": 6,
          "total_missing": 700
        },
        "gpt4o": {
          "total_papers": 15,
          "successful_papers": 15,
          "success_rate": 1.0,
          "avg_time_seconds": 35.352,
          "total_cost_usd": 2.14,
          "avg_precision": 0.5508628613864236,
          "avg_recall": 0.36160862804736316,
          "avg_f1": 0.4338318566419124,
          "avg_completeness": 0.6200928869593496,
          "avg_core_f1": 0.8541296016096338,
          "avg_core_precision": 0.8744944993137213,
          "avg_core_recall": 0.8361396574440053,
          "avg_optional_f1": 0.2799337093361861,
          "avg_optional_precision": 0.49174603174603176,
          "avg_optional_recall": 0.20587397982134822,
          "total_hallucinations": 10,
          "total_missing": 728
        },
        "gemini": {
          "total_papers": 15,
          "successful_papers": 15,
          "success_rate": 1.0,
          "avg_time_seconds": 220.13133333333334,
          "total_cost_usd": 1.7631,
          "avg_precision": 0.6078721266632201,
          "avg_recall": 0.41867013280102916,
          "avg_f1": 0.4930425954241097,
          "avg_completeness": 0.6341683864289585,
          "avg_core_f1": 0.8830115152954963,
          "avg_core_precision": 0.8994079764628964,
          "avg_core_recall": 0.8683936256979735,
          "avg_optional_f1": 0.3270938318647297,
          "avg_optional_precision": 0.557936507936508,
          "avg_optional_recall": 0.24362878349720454,
          "total_hallucinations": 5,
          "total_missing": 704
        },
        "qwen": {
          "total_papers": 15,
          "successful_papers": 15,
          "success_rate": 1.0,
          "avg_time_seconds": 108.97333333333333,
          "total_cost_usd": 0.0861,
          "avg_precision": 0.568083626585591,
          "avg_recall": 0.38976671232862886,
          "avg_f1": 0.45967446010610674,
          "avg_completeness": 0.6317385580065368,
          "avg_core_f1": 0.8262796496294206,
          "avg_core_precision": 0.86868873435235,